{
    "id": "SL-WB",
    "matrix": {
      "x": 5,
      "y": 4
    },

    "linesApiData": [
      [1, 1, 1, 1, 1],
      [2, 2, 2, 2, 2],
      [0, 0, 0, 0, 0],
      [3, 3, 3, 3, 3],
      [1, 2, 3, 2, 1],
      [2, 1, 0, 1, 2],
      [0, 1, 2, 1, 0],
      [3, 2, 1, 2, 3],
      [2, 3, 2, 3, 2],
      [1, 0, 1, 0, 1],
      [1, 1, 2, 3, 3],
      [2, 2, 1, 0, 0],
      [3, 2, 2, 2, 3],
      [0, 1, 1, 1, 0],
      [1, 2, 1, 0, 1],
      [2, 1, 2, 3, 2],
      [1, 0, 0, 1, 2],
      [2, 3, 3, 2, 1],
      [1, 2, 2, 2, 1],
      [2, 1, 1, 1, 2],
      [2, 2, 3, 2, 1],
      [1, 1, 0, 1, 2],
      [0, 1, 0, 1, 0],
      [3, 2, 3, 2, 3],
      [0, 0, 1, 0, 0],
      [3, 3, 2, 3, 3],
      [1, 1, 2, 1, 1],
      [2, 2, 1, 2, 2],
      [0, 0, 1, 2, 2],
      [3, 3, 2, 1, 1],
      [1, 2, 1, 2, 1],
      [2, 1, 2, 1, 2],
      [2, 3, 2, 1, 2],
      [1, 0, 1, 2, 1],
      [1, 0, 0, 0, 1],
      [2, 3, 3, 3, 2],
      [1, 1, 1, 2, 3],
      [2, 2, 2, 1, 0],
      [0, 1, 2, 3, 2],
      [3, 2, 1, 0, 1],
      [1, 2, 3, 3, 3],
      [2, 1, 0, 0, 0],
      [0, 0, 0, 1, 2],
      [3, 3, 3, 2, 1],
      [3, 2, 2, 1, 0],
      [0, 1, 1, 2, 3],
      [1, 2, 2, 3, 3],
      [2, 1, 1, 0, 0],
      [0, 1, 0, 1, 2],
      [3, 2, 3, 2, 1],
    ],
    "bonusTriggerCount": 3,
    "bonusTriggerCountDuringFreeSpin": 2,
    "bonusCount": [5, 4, 3],
    "bonusCountDuringFreeSpins": [2, 3, 4, 5],
    "freeSpinDuringBonus": [3, 5, 8, 10],
    "smallWheelFeature": {
      "featureValues": [
        1, 3, 5, 8, 10, 12,//freespin
        2, 5, 10, 15, 20, 30//multiplier
      ],
      "featureProbs": [
        22, 14, 4, 0.5, 0.001, 0.00001, //freespin
        32, 17, 5, 2, 0.002, 0.001//multiplier
      ]
    },
    "mediumWheelFeature": {
      "featureValues": [
        3, 5, 10, 12, 15, 20,//freespin
        5, 8, 15, 25, 30, 40//multiplier
      ],
      "featureProbs": [
        22, 14, 4, 0.5, 0.001, 0.00001, //freespin
        32, 17, 5, 2, 0.002, 0.001//multiplier
      ]
    },
    "largeWheelFeature": {
      "featureValues": [
        5, 8, 15, 20, 25, 30,//freespin
        10, 15, 20, 40, 60, 80//multiplier
      ],
      "featureProbs": [
        22, 14, 4, 0.5, 0.001, 0.00001, //freespin
        32, 17, 5, 2, 0.002, 0.001//multiplier
      ]
    },
    "bets": [
      0.0005,
      0.0025,
      0.005,
      0.0125,
      0.025,
      0.0375,
      0.05,
      0.0625,
      0.1,
      0.15,
      0.25,
      0.5,
      0.75,
      1,
      1.5,
      2
    ],
    "Symbols": [
      {
        "Name": "0",
        "Id": 0,
        "reelInstance": {
          "0": 12,
          "1": 12,
          "2": 12,
          "3": 12,
          "4": 12
        },
        "useWildSub": true,
        "isBonusSymbol": false,
        "multiplier": [
          [
            80,
            0
          ],
          [
            40,
            0
          ],
          [
            10,
            0
          ]
        ]
      },
      {
        "Name": "1",
        "Id": 1,
        "reelInstance": {
          "0": 12,
          "1": 12,
          "2": 12,
          "3": 12,
          "4": 12
        },
        "useWildSub": true,
        "isBonusSymbol": false,
        "multiplier": [
          [
            80,
            0
          ],
          [
            40,
            0
          ],
          [
            10,
            0
          ]
        ]
      },
      {
        "Name": "2",
        "Id": 2,
        "reelInstance": {
          "0": 12,
          "1": 12,
          "2": 12,
          "3": 12,
          "4": 12
        },
        "useWildSub": true,
        "isBonusSymbol": false,
        "multiplier": [
          [
            80,
            0
          ],
          [
            40,
            0
          ],
          [
            10,
            0
          ]
        ]
      },
      {
        "Name": "3",
        "Id": 3,
        "reelInstance": {
          "0": 12,
          "1": 12,
          "2": 12,
          "3": 12,
          "4": 12
        },
        "useWildSub": true,
        "isBonusSymbol": false,
        "multiplier": [
          [
            80,
            0
          ],
          [
            40,
            0
          ],
          [
            10,
            0
          ]
        ]
      },
      {
        "Name": "4",
        "Id": 4,
        "reelInstance": {
          "0": 7,
          "1": 7,
          "2": 7,
          "3": 7,
          "4": 7
        },
        "useWildSub": true,
        "isBonusSymbol": false,
        "multiplier": [
          [
            150,
            0
          ],
          [
            80,
            0
          ],
          [
            15,
            0
          ]
        ]
      },
      {
        "Name": "5",
        "Id": 5,
        "reelInstance": {
          "0": 7,
          "1": 7,
          "2": 7,
          "3": 7,
          "4": 7
        },
        "useWildSub": true,
        "isBonusSymbol": false,
        "multiplier": [
          [
            150,
            0
          ],
          [
            80,
            0
          ],
          [
            15,
            0
          ]
        ]
      },
      {
        "Name": "6",
        "Id": 6,
        "reelInstance": {
          "0": 7,
          "1": 7,
          "2": 7,
          "3": 7,
          "4": 7
        },
        "useWildSub": true,
        "isBonusSymbol": false,
        "multiplier": [
          [
            150,
            0
          ],
          [
            80,
            0
          ],
          [
            15,
            0
          ]
        ]
      },
      {
        "Name": "7",
        "Id": 7,
        "reelInstance": {
          "0": 7,
          "1": 7,
          "2": 7,
          "3": 7,
          "4": 7
        },
        "useWildSub": true,
        "isBonusSymbol": false,
        "multiplier": [
          [
            150,
            0
          ],
          [
            80,
            0
          ],
          [
            15,
            0
          ]
        ]
      },
      {
        "Name": "8",
        "Id": 8,
        "reelInstance": {
          "0": 7,
          "1": 7,
          "2": 7,
          "3": 7,
          "4": 7
        },
        "useWildSub": true,
        "isBonusSymbol": false,
        "multiplier": [
          [
            150,
            0
          ],
          [
            80,
            0
          ],
          [
            15,
            0
          ]
        ]
      },
      {
        "Name": "9",
        "Id": 9,
        "reelInstance": {
          "0": 7,
          "1": 7,
          "2": 7,
          "3": 7,
          "4": 7
        },
        "useWildSub": true,
        "isBonusSymbol": false,
        "multiplier": [
          [
            150,
            0
          ],
          [
            80,
            0
          ],
          [
            15,
            0
          ]
        ]
      },
      {
        "Name": "10",
        "Id": 10,
        "reelInstance": {
          "0": 7,
          "1": 7,
          "2": 7,
          "3": 7,
          "4": 7
        },
        "description": "Pays in any position",
        "useWildSub": true,
        "isBonusSymbol": false,
        "multiplier": [
          [
            150,
            0
          ],
          [
            80,
            0
          ],
          [
            15,
            0
          ]
        ]
      },
      {
        "Name": "Wild",
        "Id": 11,
        "reelInstance": {
          "0": 0,
          "1": 17,
          "2": 15,
          "3": 13,
          "4": 0
        },
        "description": "Substitutes all symbols except BonusSymbol, Appears on reels 2, 3, and 4 only",
        "useWildSub": false,
        "isBonusSymbol": false,
        "multiplier": [

        ]
      },
      {
        "Name": "Bonus",
        "Id": 12,
        "reelInstance": {
          "0": 6,
          "1": 6,
          "2": 6,
          "3": 6,
          "4": 6
        },